timestamp,url,method,status,html_path,items_extracted
2025-12-11T07:59:09.594464,https://aiesec.org/opportunity/global-talent/1330287,Requests,success,scraped_html/2025-12-11T07-59-09_Requests_1330287.html,
2025-12-11T07:59:09.596180,https://aiesec.org/opportunity/global-talent/1330447,Requests,success,scraped_html/2025-12-11T07-59-09_Requests_1330447.html,
2025-12-11T07:59:09.617243,https://aiesec.org/opportunity/global-talent/1330202,Requests,success,scraped_html/2025-12-11T07-59-09_Requests_1330202.html,
2025-12-11T07:59:09.707556,https://aiesec.org/opportunity/global-talent/1330126,Requests,success,scraped_html/2025-12-11T07-59-09_Requests_1330126.html,
2025-12-11T07:59:09.847988,https://aiesec.org/opportunity/global-talent/1330113,Requests,success,scraped_html/2025-12-11T07-59-09_Requests_1330113.html,
2025-12-11T07:59:10.169476,https://aiesec.org/opportunity/global-talent/1330505,Requests,success,scraped_html/2025-12-11T07-59-10_Requests_1330505.html,
2025-12-11T07:59:10.425208,https://aiesec.org/opportunity/global-talent/1330033,Requests,success,scraped_html/2025-12-11T07-59-10_Requests_1330033.html,
2025-12-11T07:59:10.446943,https://aiesec.org/opportunity/global-talent/1330102,Requests,success,scraped_html/2025-12-11T07-59-10_Requests_1330102.html,
2025-12-11T07:59:10.469796,https://aiesec.org/opportunity/global-talent/1329983,Requests,success,scraped_html/2025-12-11T07-59-10_Requests_1329983.html,
2025-12-11T07:59:10.622052,https://aiesec.org/opportunity/global-talent/1330036,Requests,success,scraped_html/2025-12-11T07-59-10_Requests_1330036.html,
2025-12-11T07:59:10.783805,https://aiesec.org/opportunity/global-talent/1329982,Requests,success,scraped_html/2025-12-11T07-59-10_Requests_1329982.html,
2025-12-11T07:59:11.197691,https://aiesec.org/opportunity/global-talent/1329978,Requests,success,scraped_html/2025-12-11T07-59-11_Requests_1329978.html,
2025-12-11T07:59:11.326238,https://aiesec.org/opportunity/global-talent/1329918,Requests,success,scraped_html/2025-12-11T07-59-11_Requests_1329918.html,
2025-12-11T07:59:11.379258,https://aiesec.org/opportunity/global-talent/1329569,Requests,success,scraped_html/2025-12-11T07-59-11_Requests_1329569.html,
2025-12-11T07:59:11.392940,https://aiesec.org/opportunity/global-talent/1329765,Requests,success,scraped_html/2025-12-11T07-59-11_Requests_1329765.html,
2025-12-11T07:59:11.502297,https://aiesec.org/opportunity/global-talent/1329595,Requests,success,scraped_html/2025-12-11T07-59-11_Requests_1329595.html,
2025-12-11T07:59:11.594509,https://aiesec.org/opportunity/global-talent/1329079,Requests,success,scraped_html/2025-12-11T07-59-11_Requests_1329079.html,
2025-12-11T07:59:11.916897,https://aiesec.org/opportunity/global-talent/1328980,Requests,success,scraped_html/2025-12-11T07-59-11_Requests_1328980.html,
2025-12-11T07:59:12.208740,https://aiesec.org/opportunity/global-talent/1328974,Requests,success,scraped_html/2025-12-11T07-59-12_Requests_1328974.html,
2025-12-11T07:59:12.228464,https://aiesec.org/opportunity/global-talent/1328856,Requests,success,scraped_html/2025-12-11T07-59-12_Requests_1328856.html,
2025-12-11T07:59:12.256623,https://aiesec.org/opportunity/global-talent/1328774,Requests,success,scraped_html/2025-12-11T07-59-12_Requests_1328774.html,
2025-12-11T07:59:12.396566,https://aiesec.org/opportunity/global-talent/1328792,Requests,success,scraped_html/2025-12-11T07-59-12_Requests_1328792.html,
2025-12-11T07:59:13.024044,https://aiesec.org/opportunity/global-talent/1328765,Requests,success,scraped_html/2025-12-11T07-59-13_Requests_1328765.html,
2025-12-11T07:59:13.105735,https://aiesec.org/opportunity/global-talent/1328761,Requests,success,scraped_html/2025-12-11T07-59-13_Requests_1328761.html,
2025-12-11T07:59:13.139940,https://aiesec.org/opportunity/global-talent/1328767,Requests,success,scraped_html/2025-12-11T07-59-13_Requests_1328767.html,
2025-12-11T07:59:13.265835,https://aiesec.org/opportunity/global-talent/1328766,Requests,success,scraped_html/2025-12-11T07-59-13_Requests_1328766.html,
2025-12-11T07:59:13.752432,https://aiesec.org/opportunity/global-talent/1328758,Requests,success,scraped_html/2025-12-11T07-59-13_Requests_1328758.html,
2025-12-11T07:59:13.975042,https://aiesec.org/opportunity/global-talent/1328760,Requests,success,scraped_html/2025-12-11T07-59-13_Requests_1328760.html,
2025-12-11T07:59:14.028677,https://aiesec.org/opportunity/global-talent/1328759,Requests,success,scraped_html/2025-12-11T07-59-14_Requests_1328759.html,
2025-12-11T07:59:14.301565,https://aiesec.org/opportunity/global-talent/1328686,Requests,success,scraped_html/2025-12-11T07-59-14_Requests_1328686.html,
2025-12-11T07:59:14.571865,https://aiesec.org/opportunity/global-talent/1328344,Requests,success,scraped_html/2025-12-11T07-59-14_Requests_1328344.html,
2025-12-11T07:59:14.606781,https://aiesec.org/opportunity/global-talent/1328762,Requests,success,scraped_html/2025-12-11T07-59-14_Requests_1328762.html,
2025-12-11T07:59:14.675549,https://aiesec.org/opportunity/global-talent/1327949,Requests,success,scraped_html/2025-12-11T07-59-14_Requests_1327949.html,
2025-12-11T07:59:14.825136,https://aiesec.org/opportunity/global-talent/1328330,Requests,success,scraped_html/2025-12-11T07-59-14_Requests_1328330.html,
2025-12-11T07:59:15.079585,https://aiesec.org/opportunity/global-talent/1327775,Requests,success,scraped_html/2025-12-11T07-59-15_Requests_1327775.html,
2025-12-11T07:59:15.229284,https://aiesec.org/opportunity/global-talent/1327768,Requests,success,scraped_html/2025-12-11T07-59-15_Requests_1327768.html,
2025-12-11T07:59:15.459580,https://aiesec.org/opportunity/global-talent/1327200,Requests,success,scraped_html/2025-12-11T07-59-15_Requests_1327200.html,
2025-12-11T07:59:15.566488,https://aiesec.org/opportunity/global-talent/1327257,Requests,success,scraped_html/2025-12-11T07-59-15_Requests_1327257.html,
2025-12-11T07:59:15.671577,https://aiesec.org/opportunity/global-talent/1325859,Requests,success,scraped_html/2025-12-11T07-59-15_Requests_1325859.html,
2025-12-11T07:59:15.994670,https://aiesec.org/opportunity/global-talent/1325379,Requests,success,scraped_html/2025-12-11T07-59-15_Requests_1325379.html,
2025-12-11T07:59:16.053738,https://aiesec.org/opportunity/global-talent/1325464,Requests,success,scraped_html/2025-12-11T07-59-16_Requests_1325464.html,
2025-12-11T07:59:16.399957,https://aiesec.org/opportunity/global-talent/1323714,Requests,success,scraped_html/2025-12-11T07-59-16_Requests_1323714.html,
2025-12-11T07:59:16.432504,https://aiesec.org/opportunity/global-talent/1322886,Requests,success,scraped_html/2025-12-11T07-59-16_Requests_1322886.html,
2025-12-11T07:59:16.548739,https://aiesec.org/opportunity/global-talent/1328768,Requests,success,scraped_html/2025-12-11T07-59-16_Requests_1328768.html,
2025-12-11T07:59:16.842230,https://aiesec.org/opportunity/global-talent/1322239,Requests,success,scraped_html/2025-12-11T07-59-16_Requests_1322239.html,
2025-12-11T07:59:17.176253,https://aiesec.org/opportunity/global-talent/1322690,Requests,success,scraped_html/2025-12-11T07-59-17_Requests_1322690.html,
2025-12-11T07:59:17.184299,https://aiesec.org/opportunity/global-talent/1320868,Requests,success,scraped_html/2025-12-11T07-59-17_Requests_1320868.html,
2025-12-11T07:59:17.249119,https://aiesec.org/opportunity/global-talent/1323713,Requests,success,scraped_html/2025-12-11T07-59-17_Requests_1323713.html,
2025-12-11T07:59:17.544785,https://aiesec.org/opportunity/global-talent/1317005,Requests,success,scraped_html/2025-12-11T07-59-17_Requests_1317005.html,
2025-12-11T07:59:17.876510,https://aiesec.org/opportunity/global-talent/1313381,Requests,success,scraped_html/2025-12-11T07-59-17_Requests_1313381.html,
2025-12-11T07:59:17.935167,https://aiesec.org/opportunity/global-talent/1316865,Requests,success,scraped_html/2025-12-11T07-59-17_Requests_1316865.html,
2025-12-11T07:59:18.284183,https://aiesec.org/opportunity/global-talent/1315265,Requests,success,scraped_html/2025-12-11T07-59-18_Requests_1315265.html,
2025-12-11T07:59:18.397723,https://aiesec.org/opportunity/global-talent/1307153,Requests,success,scraped_html/2025-12-11T07-59-18_Requests_1307153.html,
2025-12-11T07:59:18.683226,https://aiesec.org/opportunity/global-talent/1293818,Requests,success,scraped_html/2025-12-11T07-59-18_Requests_1293818.html,
2025-12-11T07:59:22.399014,https://aiesec.org/opportunity/global-talent/1317223,Playwright,success,scraped_html/2025-12-11T07-59-22_Playwright_1317223.html,
2025-12-11T07:59:24.938252,https://aiesec.org/opportunity/global-talent/1311536,Playwright,success,scraped_html/2025-12-11T07-59-24_Playwright_1311536.html,
